Age,Rural_Absences,Urban_Absences
15,2.8125,3.714285714
16,1.852941176,4.4
17,3.705882353,5.45
18,6.105263158,4.202247191
19,8.571428571,7.076923077
20,8,5.666666667
21,,0
