Age,Rural_Absences,Urban_Absences
15,4,2.56626506
16,4.615384615,3.729166667
17,3.666666667,5.557142857
18,4.4,5.276923077
19,2.4,9
20,12,3.666666667
21,12,
22,,14
