Sex,Age,Grade,Dalc
F,15,11.02105263,1.336842105
F,16,11.77987421,1.220125786
F,17,12.07017544,1.245614035
F,18,11.12598425,1.236220472
F,19,8.939393939,1.666666667
F,20,12.4,1.2
F,21,12,1
M,15,12.44444444,1.404040404
M,16,11.45081967,1.655737705
M,17,10.74528302,2.018867925
M,18,10.71578947,1.989473684
M,19,9,1.608695652
M,20,13,2
M,21,8.5,4
M,22,6.5,5
