Sex,Age,Grade,Absences
F,15,11.02105263,3.410526316
F,16,11.77987421,3.855345912
F,17,12.07017544,4.929824561
F,18,11.12598425,4.771653543
F,19,8.939393939,7.393939394
F,20,12.4,6.6
F,21,12,0
M,15,12.44444444,2.797979798
M,16,11.45081967,3.918032787
M,17,10.74528302,4.91509434
M,18,10.71578947,5
M,19,9,6.130434783
M,20,13,5.75
M,21,8.5,12
M,22,6.5,14
